primer_name	taxonomic_specificity	locus_target_annealing	locus_targets_amplification	annealing_temperature	source	other_resources	orientation	MA adaptor	pad	linker	locus_specific_primer_sequence	linker_primer_length	full_sequence
FungiQuant-F	Fungi	SSU (18S)	SSU (18S)		Liu et al 2012: 10.1186/1471-2180-12-255	Frau et al 2019: 10.1038/s41598-019-44974-x	fwd	TCGTCGGCAGCGTC	AGATGTGTATAAGAGACAG		GGRAAACTCACCAGGTCCAG	20	TCGTCGGCAGCGTCAGATGTGTATAAGAGACAGGGRAAACTCACCAGGTCCAG
FungiQuant-R	Fungi	SSU (18S)	SSU (18S)		Liu et al 2012: 10.1186/1471-2180-12-255	Frau et al 2019: 10.1038/s41598-019-44974-x	rev	GTCTCGTGGGCTCGG	AGATGTGTATAAGAGACAG		GSWCTATCCCCAKCACGA	18	GTCTCGTGGGCTCGGAGATGTGTATAAGAGACAGGSWCTATCCCCAKCACGA
ITS1F	Fungi (+?)	SSU (18S)	ITS,ITS1		Gardes and Bruns 1993	Bukulich and Mills 2013: 10.1128/AEM.03870-12,https://earthmicrobiome.org/protocols-and-standards/its/	fwd	TCGTCGGCAGCGTC	AGATGTGTATAAGAGACAG		CTTGGTCATTTAGAGGAAGTAA 	23	TCGTCGGCAGCGTCAGATGTGTATAAGAGACAGCTTGGTCATTTAGAGGAAGTAA 
ITS1F_KYO1	Fungi (+?)	SSU (18S)	ITS,ITS1		Toju et al. 2012	Bukulich and Mills 2013: 10.1128/AEM.03870-12	fwd	TCGTCGGCAGCGTC	AGATGTGTATAAGAGACAG		CTHGGTCATTTAGAGGAASTAA 	23	TCGTCGGCAGCGTCAGATGTGTATAAGAGACAGCTHGGTCATTTAGAGGAASTAA 
ITS1	Fungi (+?)	SSU (18S)	ITS,ITS1		White 1990	Bukulich and Mills 2013: 10.1128/AEM.03870-12	fwd	TCGTCGGCAGCGTC	AGATGTGTATAAGAGACAG		TCCGTAGGTGAACCTGCGG 	20	TCGTCGGCAGCGTCAGATGTGTATAAGAGACAGTCCGTAGGTGAACCTGCGG 
BITS	Fungi (+?)	SSU (18S)	ITS,ITS1			Bukulich and Mills 2013: 10.1128/AEM.03870-12	fwd	TCGTCGGCAGCGTC	AGATGTGTATAAGAGACAG		ACCTGCGGARGGATCA 	17	TCGTCGGCAGCGTCAGATGTGTATAAGAGACAGACCTGCGGARGGATCA 
B58S3	Fungi (+?)	LSU (5.8S)	ITS1			Bukulich and Mills 2013: 10.1128/AEM.03870-12	rev	GTCTCGTGGGCTCGG	AGATGTGTATAAGAGACAG		GAGATCCRTTGYTRAAAGTT 	21	GTCTCGTGGGCTCGGAGATGTGTATAAGAGACAGGAGATCCRTTGYTRAAAGTT 
ITS2r	Fungi (+?)	LSU (5.8S)	ITS1		White 1990	"Bukulich and Mills 2013: 10.1128/AEM.03870-12, https://earthmicrobiome.org/protocols-and-standards/its/"	rev	GTCTCGTGGGCTCGG	AGATGTGTATAAGAGACAG		GCTGCGTTCTTCATCGATGC	20	GTCTCGTGGGCTCGGAGATGTGTATAAGAGACAGGCTGCGTTCTTCATCGATGC
ITS3tagmix	Fungi (+?)	LSU (5.8S)	ITS2		Tedersoo et al 2014	Frau et al 2019: 10.1038/s41598-019-44974-x	fwd	TCGTCGGCAGCGTC	AGATGTGTATAAGAGACAG		CTAGACTCGTCANCGATGAAGAACGYRG	28	TCGTCGGCAGCGTCAGATGTGTATAAGAGACAGCTAGACTCGTCANCGATGAAGAACGYRG
gITS7	Fungi (+?)	LSU (5.8S)	ITS2		Ihrmark et al 2012: 10.1111/j.1574-6941.2012.01437.x	"Bukulich and Mills 2013: 10.1128/AEM.03870-12, Frau et al 2019: 10.1038/s41598-019-44974-x"	fwd	TCGTCGGCAGCGTC	AGATGTGTATAAGAGACAG		GTGARTCATCGARTCTTTG	19	TCGTCGGCAGCGTCAGATGTGTATAAGAGACAGGTGARTCATCGARTCTTTG
ITS7o	Fungi (+?)	LSU (5.8S)	ITS2		Kohout et al. 2014: 10.1016/j.soilbio.2013.08.027	Lekberg et al. 2018: 10.1111/nph.15035	fwd	TCGTCGGCAGCGTC	AGATGTGTATAAGAGACAG		GTGAATCATCRAATYTTTG	19	TCGTCGGCAGCGTCAGATGTGTATAAGAGACAGGTGAATCATCRAATYTTTG
ITS7	Fungi (+?)	LSU (5.8S)	ITS2		Ihrmark et al 2012: 10.1111/j.1574-6941.2012.01437.x	Lekberg et al. 2018: 10.1111/nph.15035	fwd	TCGTCGGCAGCGTC	AGATGTGTATAAGAGACAG		GTGARTCATCGAATCTTTG	19	TCGTCGGCAGCGTCAGATGTGTATAAGAGACAGGTGARTCATCGAATCTTTG
ITS4	Eukaryota	LSU (28S)	ITS,ITS2		White 1990	Bukulich and Mills 2013: 10.1128/AEM.03870-12,Lekberg et al. 2018: 10.1111/nph.15035	rev	GTCTCGTGGGCTCGG	AGATGTGTATAAGAGACAG		TCCTCCGCTTATTGATATGC 	21	GTCTCGTGGGCTCGGAGATGTGTATAAGAGACAGTCCTCCGCTTATTGATATGC 
ITS4NGS	Fungi (+?)	LSU (28S)	ITS,ITS2		Tedersoo et al. 2015: 10.3897/mycokeys.10.4852	Frau et al 2019: 10.1038/s41598-019-44974-x	rev	GTCTCGTGGGCTCGG	AGATGTGTATAAGAGACAG		TTCCTSCGCTTATTGATATGC	21	GTCTCGTGGGCTCGGAGATGTGTATAAGAGACAGTTCCTSCGCTTATTGATATGC
NLB4	Fungi (+?)	LSU (28S)	ITS,ITS2			Bukulich and Mills 2013: 10.1128/AEM.03870-12	rev	GTCTCGTGGGCTCGG	AGATGTGTATAAGAGACAG		GGATTCTCACCCTCTATGAC 	21	GTCTCGTGGGCTCGGAGATGTGTATAAGAGACAGGGATTCTCACCCTCTATGAC 
ITS-Dino-forward	Dinoflagellata	LSU (5.8S)	ITS2		Pochon et al. 2001		fwd	TCGTCGGCAGCGTC	AGATGTGTATAAGAGACAG		GTGAATTGCAGAACTCCGTG	20	TCGTCGGCAGCGTCAGATGTGTATAAGAGACAGGTGAATTGCAGAACTCCGTG
ITS2-rev2-reverse	Symbiodiniaceae (+ some Apicomplexa) 	LSU (28S)	ITS2		Stat et al. 2009		rev	GTCTCGTGGGCTCGG	AGATGTGTATAAGAGACAG		CCTCCGCTTACTTATATGCTT	21	GTCTCGTGGGCTCGGAGATGTGTATAAGAGACAGCCTCCGCTTACTTATATGCTT
1391F	Eukaryota	SSU (18S)	SSU (18S V9)		Amaral-Zettler et al. 2009	https://earthmicrobiome.org/protocols-and-standards/18s/	fwd	TCGTCGGCAGCGTC	AGATGTGTATAAGAGACAG	CG	GTACACACCGCCCGTC	18	TCGTCGGCAGCGTCAGATGTGTATAAGAGACAGCGGTACACACCGCCCGTC
EukBr	Eukaryota	SSU (18S)	SSU (18S V9)		Stoek et al. 2010	https://earthmicrobiome.org/protocols-and-standards/18s/	rev	GTCTCGTGGGCTCGG	AGATGTGTATAAGAGACAG	CA	TGATCCTTCTGCAGGTTCACCTAC	26	GTCTCGTGGGCTCGGAGATGTGTATAAGAGACAGCATGATCCTTCTGCAGGTTCACCTAC
LCO1490	Cnidaria	cox1	cox1		Folmer et al 1994: PMID 7881515		fwd	TCGTCGGCAGCGTC	AGATGTGTATAAGAGACAG		GGTCAACAAATCATAAAGATA	21	TCGTCGGCAGCGTCAGATGTGTATAAGAGACAGGGTCAACAAATCATAAAGATA
HCO2198	Cnidaria	cox1	cox1		Folmer et al 1994: PMID 7881515		rev	GTCTCGTGGGCTCGG	AGATGTGTATAAGAGACAG		TAAACTTCAGGGTGACCAAAAAATCA	26	GTCTCGTGGGCTCGGAGATGTGTATAAGAGACAGTAAACTTCAGGGTGACCAAAAAATCA
MCOIF 	Robust Clade Scleractinia	cox1	cox1		Fukami 2004: 10.1038/nature02339		fwd	TCGTCGGCAGCGTC	AGATGTGTATAAGAGACAG		TCTACAAATCATAAAGACATAGG	23	TCGTCGGCAGCGTCAGATGTGTATAAGAGACAGTCTACAAATCATAAAGACATAGG
MCOIR	Robust Clade Scleractinia	cox1	cox1		Fukami 2004: 10.1038/nature02339		rev	GTCTCGTGGGCTCGG	AGATGTGTATAAGAGACAG		GAGAAATTATACCAAAACCAGG	22	GTCTCGTGGGCTCGGAGATGTGTATAAGAGACAGGAGAAATTATACCAAAACCAGG
AcMCOIF	Complex Clade Scleractinia	cox1	cox1		Fukami 2008: 10.1371/journal.pone.0003222		fwd	TCGTCGGCAGCGTC	AGATGTGTATAAGAGACAG		GACATGGCTATTTTTAGCCT	20	TCGTCGGCAGCGTCAGATGTGTATAAGAGACAGGACATGGCTATTTTTAGCCT
AcMCOIR	Complex Clade Scleractinia	cox1	cox1		Fukami 2008: 10.1371/journal.pone.0003222		rev	GTCTCGTGGGCTCGG	AGATGTGTATAAGAGACAG		AAGCATAGGAGTGTCGTCTAATC	23	GTCTCGTGGGCTCGGAGATGTGTATAAGAGACAGAAGCATAGGAGTGTCGTCTAATC
SeaMCOIF	Actiniaria	cox1	cox1		Fukami 2008: 10.1371/journal.pone.0003222		fwd	TCGTCGGCAGCGTC	AGATGTGTATAAGAGACAG		CTACTAATCATAAAGATATCGG	22	TCGTCGGCAGCGTCAGATGTGTATAAGAGACAGCTACTAATCATAAAGATATCGG
SeaMCOIR	Actiniaria	cox1	cox1		Fukami 2008: 10.1371/journal.pone.0003222		rev	GTCTCGTGGGCTCGG	AGATGTGTATAAGAGACAG		CAAAGTCAGAGTATCGTCTTGG	22	GTCTCGTGGGCTCGGAGATGTGTATAAGAGACAGCAAAGTCAGAGTATCGTCTTGG
RMCOIF	Cnidaria	cox1	cox1		me		fwd	TCGTCGGCAGCGTC	AGATGTGTATAAGAGACAG		TCNACHAAYCAYAAAGAYATHGG	23	TCGTCGGCAGCGTCAGATGTGTATAAGAGACAGTCNACHAAYCAYAAAGAYATHGG
RMCOIR	Cnidaria	cox1	cox1		me		rev	GTCTCGTGGGCTCGG	AGATGTGTATAAGAGACAG		GAGADATBATNCCAAAVCCAGG	22	GTCTCGTGGGCTCGGAGATGTGTATAAGAGACAGGAGADATBATNCCAAAVCCAGG
MCytbF	Robust Clade Scleractinia	cob	cob		Fukami 2004: 10.1038/nature02339		fwd	TCGTCGGCAGCGTC	AGATGTGTATAAGAGACAG		GTTGCTAGTAGTAATTTGGATTG	23	TCGTCGGCAGCGTCAGATGTGTATAAGAGACAGGTTGCTAGTAGTAATTTGGATTG
MCytbR	Robust Clade Scleractinia	cob	cob		Fukami 2004: 10.1038/nature02339		rev	GTCTCGTGGGCTCGG	AGATGTGTATAAGAGACAG		CAAACCCACCAAGCTTAATA	20	GTCTCGTGGGCTCGGAGATGTGTATAAGAGACAGCAAACCCACCAAGCTTAATA
AcCytbF	Complex Clade Scleractinia	cob	cob		Fukami 2008: 10.1371/journal.pone.0003222		fwd	TCGTCGGCAGCGTC	AGATGTGTATAAGAGACAG		GCCGTCTCCTTCAAATATAAG	21	TCGTCGGCAGCGTCAGATGTGTATAAGAGACAGGCCGTCTCCTTCAAATATAAG
AcCytbR	Complex Clade Scleractinia	cob	cob		Fukami 2008: 10.1371/journal.pone.0003222		rev	GTCTCGTGGGCTCGG	AGATGTGTATAAGAGACAG		AAAAGGCTCTTCTACAAC	18	GTCTCGTGGGCTCGGAGATGTGTATAAGAGACAGAAAAGGCTCTTCTACAAC
SeaCytbF	Actiniaria	cob	cob		Fukami 2008: 10.1371/journal.pone.0003222		fwd	TCGTCGGCAGCGTC	AGATGTGTATAAGAGACAG		GTGGAACTTCGGTTCTTTATT	21	TCGTCGGCAGCGTCAGATGTGTATAAGAGACAGGTGGAACTTCGGTTCTTTATT
SeaCytbR	Actiniaria	cob	cob		Fukami 2008: 10.1371/journal.pone.0003222		rev	GTCTCGTGGGCTCGG	AGATGTGTATAAGAGACAG		ATACAGAGGCTAATTGTCC	19	GTCTCGTGGGCTCGGAGATGTGTATAAGAGACAGATACAGAGGCTAATTGTCC
TubulinF	Orbicella faveolata	beta tubulin	beta tubulin		Fukami 2004: 10.1038/nature02339		fwd	TCGTCGGCAGCGTC	AGATGTGTATAAGAGACAG		GCATGGGAACGCTCCTTATTT	21	TCGTCGGCAGCGTCAGATGTGTATAAGAGACAGGCATGGGAACGCTCCTTATTT
TubulinR	Orbicella faveolata	beta tubulin	beta tubulin		Fukami 2004: 10.1038/nature02339		rev	GTCTCGTGGGCTCGG	AGATGTGTATAAGAGACAG		ACATCTGTTGAGTGAGTTCTG	21	GTCTCGTGGGCTCGGAGATGTGTATAAGAGACAGACATCTGTTGAGTGAGTTCTG
1S	Anthozoa	SSU	ITS		Odorico 1997: 10.1093/oxfordjournals.molbev.a025783		fwd	TCGTCGGCAGCGTC	AGATGTGTATAAGAGACAG		GGTACCCTTTGTACACACCGCCCGTCGCT	29	TCGTCGGCAGCGTCAGATGTGTATAAGAGACAGGGTACCCTTTGTACACACCGCCCGTCGCT
2SS	Anthozoa	LSU	ITS		Odorico 1997: 10.1093/oxfordjournals.molbev.a025783		rev	GTCTCGTGGGCTCGG	AGATGTGTATAAGAGACAG		GCTTTGGGCGGCAGTCCCAAGCAACCCGACTC	32	GTCTCGTGGGCTCGGAGATGTGTATAAGAGACAGGCTTTGGGCGGCAGTCCCAAGCAACCCGACTC
En771R	Endozoicomonas	SSU (16S)	SSU (16S)		Shiu 2018: 10.1264/jsme2.ME18054		rev	GTCTCGTGGGCTCGG	AGATGTGTATAAGAGACAG		TCAGTGTCARRCCTGAGTGT	20	GTCTCGTGGGCTCGGAGATGTGTATAAGAGACAGTCAGTGTCARRCCTGAGTGT
27F	Bacteria,Archaea	SSU (16S)	SSU (16S)			Shiu 2018: 10.1264/jsme2.ME18054	fwd	TCGTCGGCAGCGTC	AGATGTGTATAAGAGACAG		AGAGTTTGATCMTGGCTCAG	20	TCGTCGGCAGCGTCAGATGTGTATAAGAGACAGAGAGTTTGATCMTGGCTCAG
515fB	Bacteria,Archaea	SSU (16S)	SSU (16S V4)		Parada et al. 2016	https://earthmicrobiome.org/protocols-and-standards/16s/	fwd	TCGTCGGCAGCGTC	AGATGTGTATAAGAGACAG	GT	GTGYCAGCMGCCGCGGTAA	21	TCGTCGGCAGCGTCAGATGTGTATAAGAGACAGGTGTGYCAGCMGCCGCGGTAA
806rB	Bacteria,Archaea	SSU (16S)	SSU (16S V4)		Apprill et al. 2015	https://earthmicrobiome.org/protocols-and-standards/16s/	rev	GTCTCGTGGGCTCGG	AGATGTGTATAAGAGACAG	CC	GGACTACNVGGGTWTCTAAT	22	GTCTCGTGGGCTCGGAGATGTGTATAAGAGACAGCCGGACTACNVGGGTWTCTAAT
926r	Bacteria,Archaea	SSU (16S)	SSU (16S V4-V5)		Quince et al. 2011	https://earthmicrobiome.org/protocols-and-standards/16s/	rev	GTCTCGTGGGCTCGG	AGATGTGTATAAGAGACAG	GG	CCGYCAATTYMTTTRAGTTT	22	GTCTCGTGGGCTCGGAGATGTGTATAAGAGACAGGGCCGYCAATTYMTTTRAGTTT
